part,name,source,first_seen
last,Alderman,boxscore,2026-06-17
last,Amaya,boxscore,2026-06-17
last,Antonacci,boxscore,2026-06-17
last,Arroyo,boxscore,2026-06-17
last,Barrero,boxscore,2026-06-17
last,Beilenson,boxscore,2026-06-17
last,Bradfield Jr.,boxscore,2026-06-17
last,Brannigan,boxscore,2026-06-17
last,Brennan,boxscore,2026-06-17
last,Busenitz,boxscore,2026-06-17
last,Coleman,boxscore,2026-06-17
last,Cortes,boxscore,2026-06-17
last,Culpepper,boxscore,2026-06-17
last,Floro,boxscore,2026-06-17
last,Franklin,boxscore,2026-06-17
last,Fulmer,boxscore,2026-06-17
last,Gamel,boxscore,2026-06-17
last,Gasser,boxscore,2026-06-17
last,Gibson,boxscore,2026-06-17
last,Hamel,boxscore,2026-06-17
last,Hawkins,boxscore,2026-06-17
last,Headrick,boxscore,2026-06-17
last,Hendriks,boxscore,2026-06-17
last,Hiura,boxscore,2026-06-17
last,III,boxscore,2026-06-17
last,IV,boxscore,2026-06-17
last,Jarvis,boxscore,2026-06-17
last,Jesus,boxscore,2026-06-17
last,Kriske,boxscore,2026-06-17
last,Leblanc,boxscore,2026-06-17
last,Made,boxscore,2026-06-17
last,Madrigal,boxscore,2026-06-17
last,McKinney,boxscore,2026-06-17
last,Mercado,boxscore,2026-06-17
last,Milone,boxscore,2026-06-17
last,Misiewicz,boxscore,2026-06-17
last,Morillo,boxscore,2026-06-17
last,Myers,boxscore,2026-06-17
last,Naughton,boxscore,2026-06-17
last,Pache,boxscore,2026-06-17
last,Pham,boxscore,2026-06-17
last,Quantrill,boxscore,2026-06-17
last,Renfroe,boxscore,2026-06-17
last,Richardson,boxscore,2026-06-17
last,Rivera,boxscore,2026-06-17
last,Roden,boxscore,2026-06-17
last,Salas,boxscore,2026-06-17
last,Schreck,boxscore,2026-06-17
last,Sogard,boxscore,2026-06-17
last,Stehly,boxscore,2026-06-17
last,Stratton,boxscore,2026-06-17
last,Tawa,boxscore,2026-06-17
last,Tolle,boxscore,2026-06-17
last,Trammell,boxscore,2026-06-17
last,Travis,boxscore,2026-06-17
last,Valdes,boxscore,2026-06-17
last,Velasquez,boxscore,2026-06-17
last,Velazquez,boxscore,2026-06-17
last,Voth,boxscore,2026-06-17
first,Adonis,boxscore,2026-06-17
first,Alan,boxscore,2026-06-17
first,Brennan,boxscore,2026-06-17
first,Charles,boxscore,2026-06-17
first,Charlie,boxscore,2026-06-17
first,Daniel Lynch,boxscore,2026-06-17
first,Dom,boxscore,2026-06-17
first,Edubray,boxscore,2026-06-17
first,Emmanuel,boxscore,2026-06-17
first,Enmanuel De,boxscore,2026-06-17
first,Enoli,boxscore,2026-06-17
first,Enyel De Los,boxscore,2026-06-17
first,Jim,boxscore,2026-06-17
first,Joshua,boxscore,2026-06-17
first,Kaelen,boxscore,2026-06-17
first,Kemp,boxscore,2026-06-17
first,Keston,boxscore,2026-06-17
first,LaMonte Wade,boxscore,2026-06-17
first,Lourdes Gurriel,boxscore,2026-06-17
first,Mark Leiter,boxscore,2026-06-17
first,Murphy,boxscore,2026-06-17
first,Nelson,boxscore,2026-06-17
first,Orelvis,boxscore,2026-06-17
first,Oscar,boxscore,2026-06-17
first,Packy,boxscore,2026-06-17
first,Payton,boxscore,2026-06-17
first,Robert Hassell,boxscore,2026-06-17
first,Simeon Woods,boxscore,2026-06-17
first,Thairo,boxscore,2026-06-17
first,Tobias,boxscore,2026-06-17
first,Vince,boxscore,2026-06-17
first,Weston,boxscore,2026-06-17
